artikelnummer;produktname;kategorie;status;png_url;jpg_url;webp_url
28237;Gebrannte Mandeln 100g;Schokoladentaler;vorhanden;https://raw.githubusercontent.com/Catventurous/28lots-produktbilder/main/png/28237.png;https://raw.githubusercontent.com/Catventurous/28lots-produktbilder/main/jpg/28237.jpg;https://raw.githubusercontent.com/Catventurous/28lots-produktbilder/main/webp/28237.webp
28238;ZB Piemonteser Haselnuss 100g;Schokoladentaler;vorhanden;https://raw.githubusercontent.com/Catventurous/28lots-produktbilder/main/png/28238.png;https://raw.githubusercontent.com/Catventurous/28lots-produktbilder/main/jpg/28238.jpg;https://raw.githubusercontent.com/Catventurous/28lots-produktbilder/main/webp/28238.webp
28239;VM Pistazie 100g;Schokoladentaler;vorhanden;https://raw.githubusercontent.com/Catventurous/28lots-produktbilder/main/png/28239.png;https://raw.githubusercontent.com/Catventurous/28lots-produktbilder/main/jpg/28239.jpg;https://raw.githubusercontent.com/Catventurous/28lots-produktbilder/main/webp/28239.webp
28240;Himbeer-Joghurt 80g;Schokoladentaler;vorhanden;https://raw.githubusercontent.com/Catventurous/28lots-produktbilder/main/png/28240.png;https://raw.githubusercontent.com/Catventurous/28lots-produktbilder/main/jpg/28240.jpg;https://raw.githubusercontent.com/Catventurous/28lots-produktbilder/main/webp/28240.webp
28001;Feige;Tafelschokolade - Vollmilch;vorhanden;https://raw.githubusercontent.com/Catventurous/28lots-produktbilder/main/png/28001.png;https://raw.githubusercontent.com/Catventurous/28lots-produktbilder/main/jpg/28001.jpg;https://raw.githubusercontent.com/Catventurous/28lots-produktbilder/main/webp/28001.webp
28160;Gefüllte Haselnussnougat;Tafelschokolade - Vollmilch;vorhanden;https://raw.githubusercontent.com/Catventurous/28lots-produktbilder/main/png/28160.png;https://raw.githubusercontent.com/Catventurous/28lots-produktbilder/main/jpg/28160.jpg;https://raw.githubusercontent.com/Catventurous/28lots-produktbilder/main/webp/28160.webp
28211;Granola hausgemacht;Tafelschokolade - Vollmilch;vorhanden;https://raw.githubusercontent.com/Catventurous/28lots-produktbilder/main/png/28211.png;https://raw.githubusercontent.com/Catventurous/28lots-produktbilder/main/jpg/28211.jpg;https://raw.githubusercontent.com/Catventurous/28lots-produktbilder/main/webp/28211.webp
28156;Graz Schokolade;Tafelschokolade - Vollmilch;fehlt;;;
28209;Karamellisierte Haselnussblättchen;Tafelschokolade - Vollmilch;vorhanden;https://raw.githubusercontent.com/Catventurous/28lots-produktbilder/main/png/28209.png;https://raw.githubusercontent.com/Catventurous/28lots-produktbilder/main/jpg/28209.jpg;https://raw.githubusercontent.com/Catventurous/28lots-produktbilder/main/webp/28209.webp
28014;Karamellisierter Sesam;Tafelschokolade - Vollmilch;vorhanden;https://raw.githubusercontent.com/Catventurous/28lots-produktbilder/main/png/28014.png;https://raw.githubusercontent.com/Catventurous/28lots-produktbilder/main/jpg/28014.jpg;https://raw.githubusercontent.com/Catventurous/28lots-produktbilder/main/webp/28014.webp
28008;Knusperschokolade;Tafelschokolade - Vollmilch;vorhanden;https://raw.githubusercontent.com/Catventurous/28lots-produktbilder/main/png/28008.png;https://raw.githubusercontent.com/Catventurous/28lots-produktbilder/main/jpg/28008.jpg;https://raw.githubusercontent.com/Catventurous/28lots-produktbilder/main/webp/28008.webp
28012;Orangen, Karamell, Rosmarin;Tafelschokolade - Vollmilch;vorhanden;https://raw.githubusercontent.com/Catventurous/28lots-produktbilder/main/png/28012.png;https://raw.githubusercontent.com/Catventurous/28lots-produktbilder/main/jpg/28012.jpg;https://raw.githubusercontent.com/Catventurous/28lots-produktbilder/main/webp/28012.webp
28002;Piemonteser Haselnuss;Tafelschokolade - Vollmilch;vorhanden;https://raw.githubusercontent.com/Catventurous/28lots-produktbilder/main/png/28002.png;https://raw.githubusercontent.com/Catventurous/28lots-produktbilder/main/jpg/28002.jpg;https://raw.githubusercontent.com/Catventurous/28lots-produktbilder/main/webp/28002.webp
28009;Pistazie;Tafelschokolade - Vollmilch;vorhanden;https://raw.githubusercontent.com/Catventurous/28lots-produktbilder/main/png/28009.png;https://raw.githubusercontent.com/Catventurous/28lots-produktbilder/main/jpg/28009.jpg;https://raw.githubusercontent.com/Catventurous/28lots-produktbilder/main/webp/28009.webp
28011;Pumpkin Spice;Tafelschokolade - Vollmilch;vorhanden;https://raw.githubusercontent.com/Catventurous/28lots-produktbilder/main/png/28011.png;https://raw.githubusercontent.com/Catventurous/28lots-produktbilder/main/jpg/28011.jpg;https://raw.githubusercontent.com/Catventurous/28lots-produktbilder/main/webp/28011.webp
28159;Schoko Banane;Tafelschokolade - Vollmilch;vorhanden;https://raw.githubusercontent.com/Catventurous/28lots-produktbilder/main/png/28159.png;https://raw.githubusercontent.com/Catventurous/28lots-produktbilder/main/jpg/28159.jpg;https://raw.githubusercontent.com/Catventurous/28lots-produktbilder/main/webp/28159.webp
28007;Tonka;Tafelschokolade - Vollmilch;vorhanden;https://raw.githubusercontent.com/Catventurous/28lots-produktbilder/main/png/28007.png;https://raw.githubusercontent.com/Catventurous/28lots-produktbilder/main/jpg/28007.jpg;https://raw.githubusercontent.com/Catventurous/28lots-produktbilder/main/webp/28007.webp
28155;Wien Schokolade;Tafelschokolade - Vollmilch;fehlt;;;
28010;Wiener Melange;Tafelschokolade - Vollmilch;vorhanden;https://raw.githubusercontent.com/Catventurous/28lots-produktbilder/main/png/28010.png;https://raw.githubusercontent.com/Catventurous/28lots-produktbilder/main/jpg/28010.jpg;https://raw.githubusercontent.com/Catventurous/28lots-produktbilder/main/webp/28010.webp
28153;Zimtapfel, Erdnuss, Feige;Tafelschokolade - Vollmilch;vorhanden;https://raw.githubusercontent.com/Catventurous/28lots-produktbilder/main/png/28153.png;https://raw.githubusercontent.com/Catventurous/28lots-produktbilder/main/jpg/28153.jpg;https://raw.githubusercontent.com/Catventurous/28lots-produktbilder/main/webp/28153.webp
28019;Apfelstrudel;Tafelschokolade - Weiß;vorhanden;https://raw.githubusercontent.com/Catventurous/28lots-produktbilder/main/png/28019.png;https://raw.githubusercontent.com/Catventurous/28lots-produktbilder/main/jpg/28019.jpg;https://raw.githubusercontent.com/Catventurous/28lots-produktbilder/main/webp/28019.webp
28016;Blütenzauber;Tafelschokolade - Weiß;vorhanden;https://raw.githubusercontent.com/Catventurous/28lots-produktbilder/main/png/28016.png;https://raw.githubusercontent.com/Catventurous/28lots-produktbilder/main/jpg/28016.jpg;https://raw.githubusercontent.com/Catventurous/28lots-produktbilder/main/webp/28016.webp
28133;Buttermilch-Zitrone;Tafelschokolade - Weiß;vorhanden;https://raw.githubusercontent.com/Catventurous/28lots-produktbilder/main/png/28133.png;https://raw.githubusercontent.com/Catventurous/28lots-produktbilder/main/jpg/28133.jpg;https://raw.githubusercontent.com/Catventurous/28lots-produktbilder/main/webp/28133.webp
28129;Cheesecake;Tafelschokolade - Weiß;vorhanden;https://raw.githubusercontent.com/Catventurous/28lots-produktbilder/main/png/28129.png;https://raw.githubusercontent.com/Catventurous/28lots-produktbilder/main/jpg/28129.jpg;https://raw.githubusercontent.com/Catventurous/28lots-produktbilder/main/webp/28129.webp
28026;Erdbeer;Tafelschokolade - Weiß;vorhanden;https://raw.githubusercontent.com/Catventurous/28lots-produktbilder/main/png/28026.png;https://raw.githubusercontent.com/Catventurous/28lots-produktbilder/main/jpg/28026.jpg;https://raw.githubusercontent.com/Catventurous/28lots-produktbilder/main/webp/28026.webp
28214;Germknödel;Tafelschokolade - Weiß;vorhanden;https://raw.githubusercontent.com/Catventurous/28lots-produktbilder/main/png/28214.png;https://raw.githubusercontent.com/Catventurous/28lots-produktbilder/main/jpg/28214.jpg;https://raw.githubusercontent.com/Catventurous/28lots-produktbilder/main/webp/28214.webp
28215;Gofun Matcha;Tafelschokolade - Weiß;vorhanden;https://raw.githubusercontent.com/Catventurous/28lots-produktbilder/main/png/28215.png;https://raw.githubusercontent.com/Catventurous/28lots-produktbilder/main/jpg/28215.jpg;https://raw.githubusercontent.com/Catventurous/28lots-produktbilder/main/webp/28215.webp
28216;Gofun Matcha/Himbeere;Tafelschokolade - Weiß;vorhanden;https://raw.githubusercontent.com/Catventurous/28lots-produktbilder/main/png/28216.png;https://raw.githubusercontent.com/Catventurous/28lots-produktbilder/main/jpg/28216.jpg;https://raw.githubusercontent.com/Catventurous/28lots-produktbilder/main/webp/28216.webp
28217;Gofun Matcha/Mango;Tafelschokolade - Weiß;vorhanden;https://raw.githubusercontent.com/Catventurous/28lots-produktbilder/main/png/28217.png;https://raw.githubusercontent.com/Catventurous/28lots-produktbilder/main/jpg/28217.jpg;https://raw.githubusercontent.com/Catventurous/28lots-produktbilder/main/webp/28217.webp
28149;Himbeer Blütengarten;Tafelschokolade - Weiß;vorhanden;https://raw.githubusercontent.com/Catventurous/28lots-produktbilder/main/png/28149.png;https://raw.githubusercontent.com/Catventurous/28lots-produktbilder/main/jpg/28149.jpg;https://raw.githubusercontent.com/Catventurous/28lots-produktbilder/main/webp/28149.webp
28025;Himbeer Knallbrause;Tafelschokolade - Weiß;vorhanden;https://raw.githubusercontent.com/Catventurous/28lots-produktbilder/main/png/28025.png;https://raw.githubusercontent.com/Catventurous/28lots-produktbilder/main/jpg/28025.jpg;https://raw.githubusercontent.com/Catventurous/28lots-produktbilder/main/webp/28025.webp
28130;Himbeer-Joghurt;Tafelschokolade - Weiß;vorhanden;https://raw.githubusercontent.com/Catventurous/28lots-produktbilder/main/png/28130.png;https://raw.githubusercontent.com/Catventurous/28lots-produktbilder/main/jpg/28130.jpg;https://raw.githubusercontent.com/Catventurous/28lots-produktbilder/main/webp/28130.webp
28212;Himbeere Knusper;Tafelschokolade - Weiß;vorhanden;https://raw.githubusercontent.com/Catventurous/28lots-produktbilder/main/png/28212.png;https://raw.githubusercontent.com/Catventurous/28lots-produktbilder/main/jpg/28212.jpg;https://raw.githubusercontent.com/Catventurous/28lots-produktbilder/main/webp/28212.webp
28213;Mango Lassi;Tafelschokolade - Weiß;vorhanden;https://raw.githubusercontent.com/Catventurous/28lots-produktbilder/main/png/28213.png;https://raw.githubusercontent.com/Catventurous/28lots-produktbilder/main/jpg/28213.jpg;https://raw.githubusercontent.com/Catventurous/28lots-produktbilder/main/webp/28213.webp
28146;Marillenknödel;Tafelschokolade - Weiß;vorhanden;https://raw.githubusercontent.com/Catventurous/28lots-produktbilder/main/png/28146.png;https://raw.githubusercontent.com/Catventurous/28lots-produktbilder/main/jpg/28146.jpg;https://raw.githubusercontent.com/Catventurous/28lots-produktbilder/main/webp/28146.webp
28024;Pistazien;Tafelschokolade - Weiß;vorhanden;https://raw.githubusercontent.com/Catventurous/28lots-produktbilder/main/png/28024.png;https://raw.githubusercontent.com/Catventurous/28lots-produktbilder/main/jpg/28024.jpg;https://raw.githubusercontent.com/Catventurous/28lots-produktbilder/main/webp/28024.webp
28165;Schönbrunner Topfenstrudel;Tafelschokolade - Weiß;vorhanden;https://raw.githubusercontent.com/Catventurous/28lots-produktbilder/main/png/28165.png;https://raw.githubusercontent.com/Catventurous/28lots-produktbilder/main/jpg/28165.jpg;https://raw.githubusercontent.com/Catventurous/28lots-produktbilder/main/webp/28165.webp
28030;Bergamotte (Ruby);Tafelschokolade - Weiß;vorhanden;https://raw.githubusercontent.com/Catventurous/28lots-produktbilder/main/png/28030.png;https://raw.githubusercontent.com/Catventurous/28lots-produktbilder/main/jpg/28030.jpg;https://raw.githubusercontent.com/Catventurous/28lots-produktbilder/main/webp/28030.webp
28171;Chili;Tafelschokolade - Zartbitter;vorhanden;https://raw.githubusercontent.com/Catventurous/28lots-produktbilder/main/png/28171.png;https://raw.githubusercontent.com/Catventurous/28lots-produktbilder/main/jpg/28171.jpg;https://raw.githubusercontent.com/Catventurous/28lots-produktbilder/main/webp/28171.webp
28038;Fleur de Sel;Tafelschokolade - Zartbitter;vorhanden;https://raw.githubusercontent.com/Catventurous/28lots-produktbilder/main/png/28038.png;https://raw.githubusercontent.com/Catventurous/28lots-produktbilder/main/jpg/28038.jpg;https://raw.githubusercontent.com/Catventurous/28lots-produktbilder/main/webp/28038.webp
28174;Himbeere;Tafelschokolade - Zartbitter;vorhanden;https://raw.githubusercontent.com/Catventurous/28lots-produktbilder/main/png/28174.png;https://raw.githubusercontent.com/Catventurous/28lots-produktbilder/main/jpg/28174.jpg;https://raw.githubusercontent.com/Catventurous/28lots-produktbilder/main/webp/28174.webp
28036;Ingwer;Tafelschokolade - Zartbitter;vorhanden;https://raw.githubusercontent.com/Catventurous/28lots-produktbilder/main/png/28036.png;https://raw.githubusercontent.com/Catventurous/28lots-produktbilder/main/jpg/28036.jpg;https://raw.githubusercontent.com/Catventurous/28lots-produktbilder/main/webp/28036.webp
28169;Kleiner Mocca;Tafelschokolade - Zartbitter;vorhanden;https://raw.githubusercontent.com/Catventurous/28lots-produktbilder/main/png/28169.png;https://raw.githubusercontent.com/Catventurous/28lots-produktbilder/main/jpg/28169.jpg;https://raw.githubusercontent.com/Catventurous/28lots-produktbilder/main/webp/28169.webp
28221;Mandeln;Tafelschokolade - Zartbitter;vorhanden;https://raw.githubusercontent.com/Catventurous/28lots-produktbilder/main/png/28221.png;https://raw.githubusercontent.com/Catventurous/28lots-produktbilder/main/jpg/28221.jpg;https://raw.githubusercontent.com/Catventurous/28lots-produktbilder/main/webp/28221.webp
28040;Mango;Tafelschokolade - Zartbitter;vorhanden;https://raw.githubusercontent.com/Catventurous/28lots-produktbilder/main/png/28040.png;https://raw.githubusercontent.com/Catventurous/28lots-produktbilder/main/jpg/28040.jpg;https://raw.githubusercontent.com/Catventurous/28lots-produktbilder/main/webp/28040.webp
28175;Nusstraum;Tafelschokolade - Zartbitter;vorhanden;https://raw.githubusercontent.com/Catventurous/28lots-produktbilder/main/png/28175.png;https://raw.githubusercontent.com/Catventurous/28lots-produktbilder/main/jpg/28175.jpg;https://raw.githubusercontent.com/Catventurous/28lots-produktbilder/main/webp/28175.webp
28220;Orange;Tafelschokolade - Zartbitter;vorhanden;https://raw.githubusercontent.com/Catventurous/28lots-produktbilder/main/png/28220.png;https://raw.githubusercontent.com/Catventurous/28lots-produktbilder/main/jpg/28220.jpg;https://raw.githubusercontent.com/Catventurous/28lots-produktbilder/main/webp/28220.webp
28167;Orange, Zwetschke, Walnuss;Tafelschokolade - Zartbitter;vorhanden;https://raw.githubusercontent.com/Catventurous/28lots-produktbilder/main/png/28167.png;https://raw.githubusercontent.com/Catventurous/28lots-produktbilder/main/jpg/28167.jpg;https://raw.githubusercontent.com/Catventurous/28lots-produktbilder/main/webp/28167.webp
28037;Piemonteser Haselnuss;Tafelschokolade - Zartbitter;vorhanden;https://raw.githubusercontent.com/Catventurous/28lots-produktbilder/main/png/28037.png;https://raw.githubusercontent.com/Catventurous/28lots-produktbilder/main/jpg/28037.jpg;https://raw.githubusercontent.com/Catventurous/28lots-produktbilder/main/webp/28037.webp
28042;Protein;Tafelschokolade - Zartbitter;vorhanden;https://raw.githubusercontent.com/Catventurous/28lots-produktbilder/main/png/28042.png;https://raw.githubusercontent.com/Catventurous/28lots-produktbilder/main/jpg/28042.jpg;https://raw.githubusercontent.com/Catventurous/28lots-produktbilder/main/webp/28042.webp
28170;Thymian, Karamell, Weichseln;Tafelschokolade - Zartbitter;vorhanden;https://raw.githubusercontent.com/Catventurous/28lots-produktbilder/main/png/28170.png;https://raw.githubusercontent.com/Catventurous/28lots-produktbilder/main/jpg/28170.jpg;https://raw.githubusercontent.com/Catventurous/28lots-produktbilder/main/webp/28170.webp
28041;Traube Nuss;Tafelschokolade - Zartbitter;vorhanden;https://raw.githubusercontent.com/Catventurous/28lots-produktbilder/main/png/28041.png;https://raw.githubusercontent.com/Catventurous/28lots-produktbilder/main/jpg/28041.jpg;https://raw.githubusercontent.com/Catventurous/28lots-produktbilder/main/webp/28041.webp
28218;Cashews & Cranberries;Tafelschokolade - Karamell;vorhanden;https://raw.githubusercontent.com/Catventurous/28lots-produktbilder/main/png/28218.png;https://raw.githubusercontent.com/Catventurous/28lots-produktbilder/main/jpg/28218.jpg;https://raw.githubusercontent.com/Catventurous/28lots-produktbilder/main/webp/28218.webp
28035;Gebrannte Mandeln;Tafelschokolade - Karamell;vorhanden;https://raw.githubusercontent.com/Catventurous/28lots-produktbilder/main/png/28035.png;https://raw.githubusercontent.com/Catventurous/28lots-produktbilder/main/jpg/28035.jpg;https://raw.githubusercontent.com/Catventurous/28lots-produktbilder/main/webp/28035.webp
28032;Gesalzenes Butterkaramell;Tafelschokolade - Karamell;vorhanden;https://raw.githubusercontent.com/Catventurous/28lots-produktbilder/main/png/28032.png;https://raw.githubusercontent.com/Catventurous/28lots-produktbilder/main/jpg/28032.jpg;https://raw.githubusercontent.com/Catventurous/28lots-produktbilder/main/webp/28032.webp
28033;Karamellisierte Cashews;Tafelschokolade - Karamell;vorhanden;https://raw.githubusercontent.com/Catventurous/28lots-produktbilder/main/png/28033.png;https://raw.githubusercontent.com/Catventurous/28lots-produktbilder/main/jpg/28033.jpg;https://raw.githubusercontent.com/Catventurous/28lots-produktbilder/main/webp/28033.webp
28219;Toffee & Karamell;Tafelschokolade - Karamell;vorhanden;https://raw.githubusercontent.com/Catventurous/28lots-produktbilder/main/png/28219.png;https://raw.githubusercontent.com/Catventurous/28lots-produktbilder/main/jpg/28219.jpg;https://raw.githubusercontent.com/Catventurous/28lots-produktbilder/main/webp/28219.webp
28058;Bunte Schokolinsen, VM;Tafelschokolade - Kindersorten;vorhanden;https://raw.githubusercontent.com/Catventurous/28lots-produktbilder/main/png/28058.png;https://raw.githubusercontent.com/Catventurous/28lots-produktbilder/main/jpg/28058.jpg;https://raw.githubusercontent.com/Catventurous/28lots-produktbilder/main/webp/28058.webp
28059;Bunte Zuckerperlen, VM;Tafelschokolade - Kindersorten;vorhanden;https://raw.githubusercontent.com/Catventurous/28lots-produktbilder/main/png/28059.png;https://raw.githubusercontent.com/Catventurous/28lots-produktbilder/main/jpg/28059.jpg;https://raw.githubusercontent.com/Catventurous/28lots-produktbilder/main/webp/28059.webp
28060;Dreierlei Schokoperlen, VM;Tafelschokolade - Kindersorten;vorhanden;https://raw.githubusercontent.com/Catventurous/28lots-produktbilder/main/png/28060.png;https://raw.githubusercontent.com/Catventurous/28lots-produktbilder/main/jpg/28060.jpg;https://raw.githubusercontent.com/Catventurous/28lots-produktbilder/main/webp/28060.webp
28189;Limette Knallbrause, Weiß;Tafelschokolade - Kindersorten;vorhanden;https://raw.githubusercontent.com/Catventurous/28lots-produktbilder/main/png/28189.png;https://raw.githubusercontent.com/Catventurous/28lots-produktbilder/main/jpg/28189.jpg;https://raw.githubusercontent.com/Catventurous/28lots-produktbilder/main/webp/28189.webp
28190;Weiße Knusperschokolade;Tafelschokolade - Kindersorten;vorhanden;https://raw.githubusercontent.com/Catventurous/28lots-produktbilder/main/png/28190.png;https://raw.githubusercontent.com/Catventurous/28lots-produktbilder/main/jpg/28190.jpg;https://raw.githubusercontent.com/Catventurous/28lots-produktbilder/main/webp/28190.webp
28176;VM mit Pistazie;Tafelschokolade - Zuckerfrei;vorhanden;https://raw.githubusercontent.com/Catventurous/28lots-produktbilder/main/png/28176.png;https://raw.githubusercontent.com/Catventurous/28lots-produktbilder/main/jpg/28176.jpg;https://raw.githubusercontent.com/Catventurous/28lots-produktbilder/main/webp/28176.webp
28177;VM mit Piemonteser Haselnuss;Tafelschokolade - Zuckerfrei;vorhanden;https://raw.githubusercontent.com/Catventurous/28lots-produktbilder/main/png/28177.png;https://raw.githubusercontent.com/Catventurous/28lots-produktbilder/main/jpg/28177.jpg;https://raw.githubusercontent.com/Catventurous/28lots-produktbilder/main/webp/28177.webp
28178;ZB mit Walnuss;Tafelschokolade - Zuckerfrei;vorhanden;https://raw.githubusercontent.com/Catventurous/28lots-produktbilder/main/png/28178.png;https://raw.githubusercontent.com/Catventurous/28lots-produktbilder/main/jpg/28178.jpg;https://raw.githubusercontent.com/Catventurous/28lots-produktbilder/main/webp/28178.webp
28045;Alles Gute zum Geburtstag (ZB);Besondere Anlässe / Sprüche;vorhanden;https://raw.githubusercontent.com/Catventurous/28lots-produktbilder/main/png/28045.png;https://raw.githubusercontent.com/Catventurous/28lots-produktbilder/main/jpg/28045.jpg;https://raw.githubusercontent.com/Catventurous/28lots-produktbilder/main/webp/28045.webp
28044;Alltagsheld (ZB);Besondere Anlässe / Sprüche;vorhanden;https://raw.githubusercontent.com/Catventurous/28lots-produktbilder/main/png/28044.png;https://raw.githubusercontent.com/Catventurous/28lots-produktbilder/main/jpg/28044.jpg;https://raw.githubusercontent.com/Catventurous/28lots-produktbilder/main/webp/28044.webp
28053;Alltagsheldin (Ruby);Besondere Anlässe / Sprüche;vorhanden;https://raw.githubusercontent.com/Catventurous/28lots-produktbilder/main/png/28053.png;https://raw.githubusercontent.com/Catventurous/28lots-produktbilder/main/jpg/28053.jpg;https://raw.githubusercontent.com/Catventurous/28lots-produktbilder/main/webp/28053.webp
28182;Be My Valentine (Ruby);Besondere Anlässe / Sprüche;vorhanden;https://raw.githubusercontent.com/Catventurous/28lots-produktbilder/main/png/28182.png;https://raw.githubusercontent.com/Catventurous/28lots-produktbilder/main/jpg/28182.jpg;https://raw.githubusercontent.com/Catventurous/28lots-produktbilder/main/webp/28182.webp
28050;Danke Danke (VM);Besondere Anlässe / Sprüche;vorhanden;https://raw.githubusercontent.com/Catventurous/28lots-produktbilder/main/png/28050.png;https://raw.githubusercontent.com/Catventurous/28lots-produktbilder/main/jpg/28050.jpg;https://raw.githubusercontent.com/Catventurous/28lots-produktbilder/main/webp/28050.webp
28049;Danke Danke (ZB);Besondere Anlässe / Sprüche;vorhanden;https://raw.githubusercontent.com/Catventurous/28lots-produktbilder/main/png/28049.png;https://raw.githubusercontent.com/Catventurous/28lots-produktbilder/main/jpg/28049.jpg;https://raw.githubusercontent.com/Catventurous/28lots-produktbilder/main/webp/28049.webp
28180;Eine Süße Botschaft (Weiß);Besondere Anlässe / Sprüche;vorhanden;https://raw.githubusercontent.com/Catventurous/28lots-produktbilder/main/png/28180.png;https://raw.githubusercontent.com/Catventurous/28lots-produktbilder/main/jpg/28180.jpg;https://raw.githubusercontent.com/Catventurous/28lots-produktbilder/main/webp/28180.webp
28052;Hab' Dich Lieb (Ruby);Besondere Anlässe / Sprüche;vorhanden;https://raw.githubusercontent.com/Catventurous/28lots-produktbilder/main/png/28052.png;https://raw.githubusercontent.com/Catventurous/28lots-produktbilder/main/jpg/28052.jpg;https://raw.githubusercontent.com/Catventurous/28lots-produktbilder/main/webp/28052.webp
28046;Happy Birthday (VM);Besondere Anlässe / Sprüche;vorhanden;https://raw.githubusercontent.com/Catventurous/28lots-produktbilder/main/png/28046.png;https://raw.githubusercontent.com/Catventurous/28lots-produktbilder/main/jpg/28046.jpg;https://raw.githubusercontent.com/Catventurous/28lots-produktbilder/main/webp/28046.webp
28047;Happy Birthday, Luftballons (VM);Besondere Anlässe / Sprüche;vorhanden;https://raw.githubusercontent.com/Catventurous/28lots-produktbilder/main/png/28047.png;https://raw.githubusercontent.com/Catventurous/28lots-produktbilder/main/jpg/28047.jpg;https://raw.githubusercontent.com/Catventurous/28lots-produktbilder/main/webp/28047.webp
28179;Herzlichen Glückwunsch (Weiß);Besondere Anlässe / Sprüche;vorhanden;https://raw.githubusercontent.com/Catventurous/28lots-produktbilder/main/png/28179.png;https://raw.githubusercontent.com/Catventurous/28lots-produktbilder/main/jpg/28179.jpg;https://raw.githubusercontent.com/Catventurous/28lots-produktbilder/main/webp/28179.webp
28051;I Can't Stop Loving You (ZB);Besondere Anlässe / Sprüche;vorhanden;https://raw.githubusercontent.com/Catventurous/28lots-produktbilder/main/png/28051.png;https://raw.githubusercontent.com/Catventurous/28lots-produktbilder/main/jpg/28051.jpg;https://raw.githubusercontent.com/Catventurous/28lots-produktbilder/main/webp/28051.webp
28056;I Love Mama (VM);Besondere Anlässe / Sprüche;vorhanden;https://raw.githubusercontent.com/Catventurous/28lots-produktbilder/main/png/28056.png;https://raw.githubusercontent.com/Catventurous/28lots-produktbilder/main/jpg/28056.jpg;https://raw.githubusercontent.com/Catventurous/28lots-produktbilder/main/webp/28056.webp
28057;I Love Papa (ZB);Besondere Anlässe / Sprüche;vorhanden;https://raw.githubusercontent.com/Catventurous/28lots-produktbilder/main/png/28057.png;https://raw.githubusercontent.com/Catventurous/28lots-produktbilder/main/jpg/28057.jpg;https://raw.githubusercontent.com/Catventurous/28lots-produktbilder/main/webp/28057.webp
28054;Ich Liebe Dich (VM);Besondere Anlässe / Sprüche;vorhanden;https://raw.githubusercontent.com/Catventurous/28lots-produktbilder/main/png/28054.png;https://raw.githubusercontent.com/Catventurous/28lots-produktbilder/main/jpg/28054.jpg;https://raw.githubusercontent.com/Catventurous/28lots-produktbilder/main/webp/28054.webp
28055;Ich Liebe Dich (Weiß);Besondere Anlässe / Sprüche;vorhanden;https://raw.githubusercontent.com/Catventurous/28lots-produktbilder/main/png/28055.png;https://raw.githubusercontent.com/Catventurous/28lots-produktbilder/main/jpg/28055.jpg;https://raw.githubusercontent.com/Catventurous/28lots-produktbilder/main/webp/28055.webp
28181;Lieblingsmensch (VM);Besondere Anlässe / Sprüche;vorhanden;https://raw.githubusercontent.com/Catventurous/28lots-produktbilder/main/png/28181.png;https://raw.githubusercontent.com/Catventurous/28lots-produktbilder/main/jpg/28181.jpg;https://raw.githubusercontent.com/Catventurous/28lots-produktbilder/main/webp/28181.webp
28048;You Are Simply Lovely (VM);Besondere Anlässe / Sprüche;vorhanden;https://raw.githubusercontent.com/Catventurous/28lots-produktbilder/main/png/28048.png;https://raw.githubusercontent.com/Catventurous/28lots-produktbilder/main/jpg/28048.jpg;https://raw.githubusercontent.com/Catventurous/28lots-produktbilder/main/webp/28048.webp
28222;Virunga - DR Kongo;Single Origin 50g;vorhanden;https://raw.githubusercontent.com/Catventurous/28lots-produktbilder/main/png/28222.png;https://raw.githubusercontent.com/Catventurous/28lots-produktbilder/main/jpg/28222.jpg;https://raw.githubusercontent.com/Catventurous/28lots-produktbilder/main/webp/28222.webp
28223;Arhuaco Businchari - Kolumbien;Single Origin 50g;vorhanden;https://raw.githubusercontent.com/Catventurous/28lots-produktbilder/main/png/28223.png;https://raw.githubusercontent.com/Catventurous/28lots-produktbilder/main/jpg/28223.jpg;https://raw.githubusercontent.com/Catventurous/28lots-produktbilder/main/webp/28223.webp
28224;Udzungwa - Tansania;Single Origin 50g;vorhanden;https://raw.githubusercontent.com/Catventurous/28lots-produktbilder/main/png/28224.png;https://raw.githubusercontent.com/Catventurous/28lots-produktbilder/main/jpg/28224.jpg;https://raw.githubusercontent.com/Catventurous/28lots-produktbilder/main/webp/28224.webp
28225;Piura - Peru;Single Origin 50g;vorhanden;https://raw.githubusercontent.com/Catventurous/28lots-produktbilder/main/png/28225.png;https://raw.githubusercontent.com/Catventurous/28lots-produktbilder/main/jpg/28225.jpg;https://raw.githubusercontent.com/Catventurous/28lots-produktbilder/main/webp/28225.webp
28226;Cusco Chuncho - Peru;Single Origin 50g;vorhanden;https://raw.githubusercontent.com/Catventurous/28lots-produktbilder/main/png/28226.png;https://raw.githubusercontent.com/Catventurous/28lots-produktbilder/main/jpg/28226.jpg;https://raw.githubusercontent.com/Catventurous/28lots-produktbilder/main/webp/28226.webp
28069;Vanille;Trinkschokolade am Stiel 45g;vorhanden;https://raw.githubusercontent.com/Catventurous/28lots-produktbilder/main/png/28069.png;https://raw.githubusercontent.com/Catventurous/28lots-produktbilder/main/jpg/28069.jpg;https://raw.githubusercontent.com/Catventurous/28lots-produktbilder/main/webp/28069.webp
28070;VM;Trinkschokolade am Stiel 45g;vorhanden;https://raw.githubusercontent.com/Catventurous/28lots-produktbilder/main/png/28070.png;https://raw.githubusercontent.com/Catventurous/28lots-produktbilder/main/jpg/28070.jpg;https://raw.githubusercontent.com/Catventurous/28lots-produktbilder/main/webp/28070.webp
28071;ZB;Trinkschokolade am Stiel 45g;vorhanden;https://raw.githubusercontent.com/Catventurous/28lots-produktbilder/main/png/28071.png;https://raw.githubusercontent.com/Catventurous/28lots-produktbilder/main/jpg/28071.jpg;https://raw.githubusercontent.com/Catventurous/28lots-produktbilder/main/webp/28071.webp
28072;Karamell;Trinkschokolade am Stiel 45g;vorhanden;https://raw.githubusercontent.com/Catventurous/28lots-produktbilder/main/png/28072.png;https://raw.githubusercontent.com/Catventurous/28lots-produktbilder/main/jpg/28072.jpg;https://raw.githubusercontent.com/Catventurous/28lots-produktbilder/main/webp/28072.webp
28073;Ruby;Trinkschokolade am Stiel 45g;vorhanden;https://raw.githubusercontent.com/Catventurous/28lots-produktbilder/main/png/28073.png;https://raw.githubusercontent.com/Catventurous/28lots-produktbilder/main/jpg/28073.jpg;https://raw.githubusercontent.com/Catventurous/28lots-produktbilder/main/webp/28073.webp
28074;Haselnuss;Trinkschokolade am Stiel 45g;vorhanden;https://raw.githubusercontent.com/Catventurous/28lots-produktbilder/main/png/28074.png;https://raw.githubusercontent.com/Catventurous/28lots-produktbilder/main/jpg/28074.jpg;https://raw.githubusercontent.com/Catventurous/28lots-produktbilder/main/webp/28074.webp
28075;Chili ZB;Trinkschokolade am Stiel 45g;vorhanden;https://raw.githubusercontent.com/Catventurous/28lots-produktbilder/main/png/28075.png;https://raw.githubusercontent.com/Catventurous/28lots-produktbilder/main/jpg/28075.jpg;https://raw.githubusercontent.com/Catventurous/28lots-produktbilder/main/webp/28075.webp
28076;I Love You (Ruby mit Zuckerperlen);Trinkschokolade am Stiel 45g;vorhanden;https://raw.githubusercontent.com/Catventurous/28lots-produktbilder/main/png/28076.png;https://raw.githubusercontent.com/Catventurous/28lots-produktbilder/main/jpg/28076.jpg;https://raw.githubusercontent.com/Catventurous/28lots-produktbilder/main/webp/28076.webp
28227;ZB 70% mit Piemonteser Haselnuss;Schokolade-Riegel 40g;vorhanden;https://raw.githubusercontent.com/Catventurous/28lots-produktbilder/main/png/28227.png;https://raw.githubusercontent.com/Catventurous/28lots-produktbilder/main/jpg/28227.jpg;https://raw.githubusercontent.com/Catventurous/28lots-produktbilder/main/webp/28227.webp
28228;ZB 54% mit Himbeeren;Schokolade-Riegel 40g;vorhanden;https://raw.githubusercontent.com/Catventurous/28lots-produktbilder/main/png/28228.png;https://raw.githubusercontent.com/Catventurous/28lots-produktbilder/main/jpg/28228.jpg;https://raw.githubusercontent.com/Catventurous/28lots-produktbilder/main/webp/28228.webp
28229;Joghurt-Himbeer;Schokolade-Riegel 40g;vorhanden;https://raw.githubusercontent.com/Catventurous/28lots-produktbilder/main/png/28229.png;https://raw.githubusercontent.com/Catventurous/28lots-produktbilder/main/jpg/28229.jpg;https://raw.githubusercontent.com/Catventurous/28lots-produktbilder/main/webp/28229.webp
28230;Apfelstrudel;Schokolade-Riegel 40g;vorhanden;https://raw.githubusercontent.com/Catventurous/28lots-produktbilder/main/png/28230.png;https://raw.githubusercontent.com/Catventurous/28lots-produktbilder/main/jpg/28230.jpg;https://raw.githubusercontent.com/Catventurous/28lots-produktbilder/main/webp/28230.webp
28231;Karamell mit gebrannten Mandeln;Schokolade-Riegel 40g;vorhanden;https://raw.githubusercontent.com/Catventurous/28lots-produktbilder/main/png/28231.png;https://raw.githubusercontent.com/Catventurous/28lots-produktbilder/main/jpg/28231.jpg;https://raw.githubusercontent.com/Catventurous/28lots-produktbilder/main/webp/28231.webp
28232;VM mit Pistazien;Schokolade-Riegel 40g;vorhanden;https://raw.githubusercontent.com/Catventurous/28lots-produktbilder/main/png/28232.png;https://raw.githubusercontent.com/Catventurous/28lots-produktbilder/main/jpg/28232.jpg;https://raw.githubusercontent.com/Catventurous/28lots-produktbilder/main/webp/28232.webp
28241;Riegel-Mix bunt gemixt;Schokolade-Riegel 40g;vorhanden;https://raw.githubusercontent.com/Catventurous/28lots-produktbilder/main/png/28241.png;https://raw.githubusercontent.com/Catventurous/28lots-produktbilder/main/jpg/28241.jpg;https://raw.githubusercontent.com/Catventurous/28lots-produktbilder/main/webp/28241.webp
28079;Karamell;Katzenzungen 50g;vorhanden;https://raw.githubusercontent.com/Catventurous/28lots-produktbilder/main/png/28079.png;https://raw.githubusercontent.com/Catventurous/28lots-produktbilder/main/jpg/28079.jpg;https://raw.githubusercontent.com/Catventurous/28lots-produktbilder/main/webp/28079.webp
28080;ZB Haselnuss;Katzenzungen 50g;vorhanden;https://raw.githubusercontent.com/Catventurous/28lots-produktbilder/main/png/28080.png;https://raw.githubusercontent.com/Catventurous/28lots-produktbilder/main/jpg/28080.jpg;https://raw.githubusercontent.com/Catventurous/28lots-produktbilder/main/webp/28080.webp
28081;VM Haselnuss;Katzenzungen 50g;vorhanden;https://raw.githubusercontent.com/Catventurous/28lots-produktbilder/main/png/28081.png;https://raw.githubusercontent.com/Catventurous/28lots-produktbilder/main/jpg/28081.jpg;https://raw.githubusercontent.com/Catventurous/28lots-produktbilder/main/webp/28081.webp
28082;Dreierlei Schokoperlen, VM;Katzenzungen 50g;vorhanden;https://raw.githubusercontent.com/Catventurous/28lots-produktbilder/main/png/28082.png;https://raw.githubusercontent.com/Catventurous/28lots-produktbilder/main/jpg/28082.jpg;https://raw.githubusercontent.com/Catventurous/28lots-produktbilder/main/webp/28082.webp
28083;Zuckerperlen, VM;Katzenzungen 50g;vorhanden;https://raw.githubusercontent.com/Catventurous/28lots-produktbilder/main/png/28083.png;https://raw.githubusercontent.com/Catventurous/28lots-produktbilder/main/jpg/28083.jpg;https://raw.githubusercontent.com/Catventurous/28lots-produktbilder/main/webp/28083.webp
28061;Haselnuss;Premium Cremen 190-200g;vorhanden;https://raw.githubusercontent.com/Catventurous/28lots-produktbilder/main/png/28061.png;https://raw.githubusercontent.com/Catventurous/28lots-produktbilder/main/jpg/28061.jpg;https://raw.githubusercontent.com/Catventurous/28lots-produktbilder/main/webp/28061.webp
28064;Pistacchio;Premium Cremen 190-200g;vorhanden;https://raw.githubusercontent.com/Catventurous/28lots-produktbilder/main/png/28064.png;https://raw.githubusercontent.com/Catventurous/28lots-produktbilder/main/jpg/28064.jpg;https://raw.githubusercontent.com/Catventurous/28lots-produktbilder/main/webp/28064.webp
28068;Caramel mit Fleur de Sel;Premium Cremen 190-200g;vorhanden;https://raw.githubusercontent.com/Catventurous/28lots-produktbilder/main/png/28068.png;https://raw.githubusercontent.com/Catventurous/28lots-produktbilder/main/jpg/28068.jpg;https://raw.githubusercontent.com/Catventurous/28lots-produktbilder/main/webp/28068.webp
28142;Salty Peanut;Premium Cremen 190-200g;vorhanden;https://raw.githubusercontent.com/Catventurous/28lots-produktbilder/main/png/28142.png;https://raw.githubusercontent.com/Catventurous/28lots-produktbilder/main/jpg/28142.jpg;https://raw.githubusercontent.com/Catventurous/28lots-produktbilder/main/webp/28142.webp
28233;Bratapfel;Weihnachten - Tafelschokolade 85g;vorhanden;https://raw.githubusercontent.com/Catventurous/28lots-produktbilder/main/png/28233.png;https://raw.githubusercontent.com/Catventurous/28lots-produktbilder/main/jpg/28233.jpg;https://raw.githubusercontent.com/Catventurous/28lots-produktbilder/main/webp/28233.webp
28114;Bunte Zuckerperlen;Weihnachten - Tafelschokolade 85g;vorhanden;https://raw.githubusercontent.com/Catventurous/28lots-produktbilder/main/png/28114.png;https://raw.githubusercontent.com/Catventurous/28lots-produktbilder/main/jpg/28114.jpg;https://raw.githubusercontent.com/Catventurous/28lots-produktbilder/main/webp/28114.webp
28106;Ceylon Zimt Crispies, VM;Weihnachten - Tafelschokolade 85g;vorhanden;https://raw.githubusercontent.com/Catventurous/28lots-produktbilder/main/png/28106.png;https://raw.githubusercontent.com/Catventurous/28lots-produktbilder/main/jpg/28106.jpg;https://raw.githubusercontent.com/Catventurous/28lots-produktbilder/main/webp/28106.webp
28184;Gebrannte Mandeln Karamellschokolade;Weihnachten - Tafelschokolade 85g;vorhanden;https://raw.githubusercontent.com/Catventurous/28lots-produktbilder/main/png/28184.png;https://raw.githubusercontent.com/Catventurous/28lots-produktbilder/main/jpg/28184.jpg;https://raw.githubusercontent.com/Catventurous/28lots-produktbilder/main/webp/28184.webp
28104;Gesalzenes Butterkaramell;Weihnachten - Tafelschokolade 85g;vorhanden;https://raw.githubusercontent.com/Catventurous/28lots-produktbilder/main/png/28104.png;https://raw.githubusercontent.com/Catventurous/28lots-produktbilder/main/jpg/28104.jpg;https://raw.githubusercontent.com/Catventurous/28lots-produktbilder/main/webp/28104.webp
28112;Glühwein;Weihnachten - Tafelschokolade 85g;vorhanden;https://raw.githubusercontent.com/Catventurous/28lots-produktbilder/main/png/28112.png;https://raw.githubusercontent.com/Catventurous/28lots-produktbilder/main/jpg/28112.jpg;https://raw.githubusercontent.com/Catventurous/28lots-produktbilder/main/webp/28112.webp
28183;Hausgemachte Florentiner ZB;Weihnachten - Tafelschokolade 85g;vorhanden;https://raw.githubusercontent.com/Catventurous/28lots-produktbilder/main/png/28183.png;https://raw.githubusercontent.com/Catventurous/28lots-produktbilder/main/jpg/28183.jpg;https://raw.githubusercontent.com/Catventurous/28lots-produktbilder/main/webp/28183.webp
28110;Hausgemachte Spekulatius, VM;Weihnachten - Tafelschokolade 85g;vorhanden;https://raw.githubusercontent.com/Catventurous/28lots-produktbilder/main/png/28110.png;https://raw.githubusercontent.com/Catventurous/28lots-produktbilder/main/jpg/28110.jpg;https://raw.githubusercontent.com/Catventurous/28lots-produktbilder/main/webp/28110.webp
28115;Krampus - Orange, Zwetschke, Walnuss (ZB);Weihnachten - Tafelschokolade 85g;vorhanden;https://raw.githubusercontent.com/Catventurous/28lots-produktbilder/main/png/28115.png;https://raw.githubusercontent.com/Catventurous/28lots-produktbilder/main/jpg/28115.jpg;https://raw.githubusercontent.com/Catventurous/28lots-produktbilder/main/webp/28115.webp
28107;Lebkuchen, VM;Weihnachten - Tafelschokolade 85g;vorhanden;https://raw.githubusercontent.com/Catventurous/28lots-produktbilder/main/png/28107.png;https://raw.githubusercontent.com/Catventurous/28lots-produktbilder/main/jpg/28107.jpg;https://raw.githubusercontent.com/Catventurous/28lots-produktbilder/main/webp/28107.webp
28116;Nikolo - Zimtapfel, Erdnuss, Feige (VM);Weihnachten - Tafelschokolade 85g;vorhanden;https://raw.githubusercontent.com/Catventurous/28lots-produktbilder/main/png/28116.png;https://raw.githubusercontent.com/Catventurous/28lots-produktbilder/main/jpg/28116.jpg;https://raw.githubusercontent.com/Catventurous/28lots-produktbilder/main/webp/28116.webp
28108;Piemonteser Haselnuss, VM;Weihnachten - Tafelschokolade 85g;vorhanden;https://raw.githubusercontent.com/Catventurous/28lots-produktbilder/main/png/28108.png;https://raw.githubusercontent.com/Catventurous/28lots-produktbilder/main/jpg/28108.jpg;https://raw.githubusercontent.com/Catventurous/28lots-produktbilder/main/webp/28108.webp
28111;Vanille, geröstete Mandeln & Kardamom;Weihnachten - Tafelschokolade 85g;vorhanden;https://raw.githubusercontent.com/Catventurous/28lots-produktbilder/main/png/28111.png;https://raw.githubusercontent.com/Catventurous/28lots-produktbilder/main/jpg/28111.jpg;https://raw.githubusercontent.com/Catventurous/28lots-produktbilder/main/webp/28111.webp
28109;Vanillekipferl, VM;Weihnachten - Tafelschokolade 85g;vorhanden;https://raw.githubusercontent.com/Catventurous/28lots-produktbilder/main/png/28109.png;https://raw.githubusercontent.com/Catventurous/28lots-produktbilder/main/jpg/28109.jpg;https://raw.githubusercontent.com/Catventurous/28lots-produktbilder/main/webp/28109.webp
28185;Weihnachtliche Haselnuss;Weihnachten - Tafelschokolade 85g;vorhanden;https://raw.githubusercontent.com/Catventurous/28lots-produktbilder/main/png/28185.png;https://raw.githubusercontent.com/Catventurous/28lots-produktbilder/main/jpg/28185.jpg;https://raw.githubusercontent.com/Catventurous/28lots-produktbilder/main/webp/28185.webp
28103;ZB mit kandierter Orange;Weihnachten - Tafelschokolade 85g;vorhanden;https://raw.githubusercontent.com/Catventurous/28lots-produktbilder/main/png/28103.png;https://raw.githubusercontent.com/Catventurous/28lots-produktbilder/main/jpg/28103.jpg;https://raw.githubusercontent.com/Catventurous/28lots-produktbilder/main/webp/28103.webp
28235;Trinkschokolade Lebkuchen;Weihnachten - Trinkschokolade 45g;vorhanden;https://raw.githubusercontent.com/Catventurous/28lots-produktbilder/main/png/28235.png;https://raw.githubusercontent.com/Catventurous/28lots-produktbilder/main/jpg/28235.jpg;https://raw.githubusercontent.com/Catventurous/28lots-produktbilder/main/webp/28235.webp
28234;Trinkschokolade VM-Zimt;Weihnachten - Trinkschokolade 45g;vorhanden;https://raw.githubusercontent.com/Catventurous/28lots-produktbilder/main/png/28234.png;https://raw.githubusercontent.com/Catventurous/28lots-produktbilder/main/jpg/28234.jpg;https://raw.githubusercontent.com/Catventurous/28lots-produktbilder/main/webp/28234.webp
28236;Trinkschokolade ZB/Orange;Weihnachten - Trinkschokolade 45g;vorhanden;https://raw.githubusercontent.com/Catventurous/28lots-produktbilder/main/png/28236.png;https://raw.githubusercontent.com/Catventurous/28lots-produktbilder/main/jpg/28236.jpg;https://raw.githubusercontent.com/Catventurous/28lots-produktbilder/main/webp/28236.webp
28118;Weihnachtsduo Salzkaramell;Weihnachten - Figuren 60g;vorhanden;https://raw.githubusercontent.com/Catventurous/28lots-produktbilder/main/png/28118.png;https://raw.githubusercontent.com/Catventurous/28lots-produktbilder/main/jpg/28118.jpg;https://raw.githubusercontent.com/Catventurous/28lots-produktbilder/main/webp/28118.webp
28117;Weihnachtsduo Haselnuss-Nougat;Weihnachten - Figuren 60g;vorhanden;https://raw.githubusercontent.com/Catventurous/28lots-produktbilder/main/png/28117.png;https://raw.githubusercontent.com/Catventurous/28lots-produktbilder/main/jpg/28117.jpg;https://raw.githubusercontent.com/Catventurous/28lots-produktbilder/main/webp/28117.webp
28187;Gefüllte Nougatkugeln, VM;Weihnachten - Figuren 60g;vorhanden;https://raw.githubusercontent.com/Catventurous/28lots-produktbilder/main/png/28187.png;https://raw.githubusercontent.com/Catventurous/28lots-produktbilder/main/jpg/28187.jpg;https://raw.githubusercontent.com/Catventurous/28lots-produktbilder/main/webp/28187.webp
28120;Weiß, gefüllt mit Marc de Champagne;Glücksschweinchen 42g;vorhanden;https://raw.githubusercontent.com/Catventurous/28lots-produktbilder/main/png/28120.png;https://raw.githubusercontent.com/Catventurous/28lots-produktbilder/main/jpg/28120.jpg;https://raw.githubusercontent.com/Catventurous/28lots-produktbilder/main/webp/28120.webp
28121;VM, gefüllt mit Marc de Champagne;Glücksschweinchen 42g;vorhanden;https://raw.githubusercontent.com/Catventurous/28lots-produktbilder/main/png/28121.png;https://raw.githubusercontent.com/Catventurous/28lots-produktbilder/main/jpg/28121.jpg;https://raw.githubusercontent.com/Catventurous/28lots-produktbilder/main/webp/28121.webp
28122;ZB, gefüllt mit Marc de Champagne;Glücksschweinchen 42g;vorhanden;https://raw.githubusercontent.com/Catventurous/28lots-produktbilder/main/png/28122.png;https://raw.githubusercontent.com/Catventurous/28lots-produktbilder/main/jpg/28122.jpg;https://raw.githubusercontent.com/Catventurous/28lots-produktbilder/main/webp/28122.webp
28123;Karamell, gefüllt mit gesalzenem Butterkaramell;Glücksschweinchen 42g;vorhanden;https://raw.githubusercontent.com/Catventurous/28lots-produktbilder/main/png/28123.png;https://raw.githubusercontent.com/Catventurous/28lots-produktbilder/main/jpg/28123.jpg;https://raw.githubusercontent.com/Catventurous/28lots-produktbilder/main/webp/28123.webp
28125;VM, gefüllt mit Haselnussnougat;Glücksschweinchen 42g;vorhanden;https://raw.githubusercontent.com/Catventurous/28lots-produktbilder/main/png/28125.png;https://raw.githubusercontent.com/Catventurous/28lots-produktbilder/main/jpg/28125.jpg;https://raw.githubusercontent.com/Catventurous/28lots-produktbilder/main/webp/28125.webp
28127;Ruby, gefüllt mit Mandelnougat;Glücksschweinchen 42g;vorhanden;https://raw.githubusercontent.com/Catventurous/28lots-produktbilder/main/png/28127.png;https://raw.githubusercontent.com/Catventurous/28lots-produktbilder/main/jpg/28127.jpg;https://raw.githubusercontent.com/Catventurous/28lots-produktbilder/main/webp/28127.webp
28140;Pur;Lübecker Marzipanbrot 90g;vorhanden;https://raw.githubusercontent.com/Catventurous/28lots-produktbilder/main/png/28140.png;https://raw.githubusercontent.com/Catventurous/28lots-produktbilder/main/jpg/28140.jpg;https://raw.githubusercontent.com/Catventurous/28lots-produktbilder/main/webp/28140.webp
28141;Pistazien;Lübecker Marzipanbrot 90g;vorhanden;https://raw.githubusercontent.com/Catventurous/28lots-produktbilder/main/png/28141.png;https://raw.githubusercontent.com/Catventurous/28lots-produktbilder/main/jpg/28141.jpg;https://raw.githubusercontent.com/Catventurous/28lots-produktbilder/main/webp/28141.webp
28147;Orangen;Lübecker Marzipanbrot 90g;vorhanden;https://raw.githubusercontent.com/Catventurous/28lots-produktbilder/main/png/28147.png;https://raw.githubusercontent.com/Catventurous/28lots-produktbilder/main/jpg/28147.jpg;https://raw.githubusercontent.com/Catventurous/28lots-produktbilder/main/webp/28147.webp
28148;Ingwer;Lübecker Marzipanbrot 90g;vorhanden;https://raw.githubusercontent.com/Catventurous/28lots-produktbilder/main/png/28148.png;https://raw.githubusercontent.com/Catventurous/28lots-produktbilder/main/jpg/28148.jpg;https://raw.githubusercontent.com/Catventurous/28lots-produktbilder/main/webp/28148.webp
28191;Himbeer;Lübecker Marzipanbrot 90g;vorhanden;https://raw.githubusercontent.com/Catventurous/28lots-produktbilder/main/png/28191.png;https://raw.githubusercontent.com/Catventurous/28lots-produktbilder/main/jpg/28191.jpg;https://raw.githubusercontent.com/Catventurous/28lots-produktbilder/main/webp/28191.webp
