asset_id,name,kategorie,unterkategorie,artikel_pos_nr,quelle,katalogseite,github_path,github_raw_url,datei,format,breite_px,hoehe_px,original_format,original_breite_px,original_hoehe_px,beschreibung,sha256,status
BR-001,Coverfoto Chocolatier / Schokoladen-Sommelier,Brand & Manufaktur,Brandfoto,,Produktkatalog Juli 2026,1,media/webp/Brand_und_Manufaktur/BR-001_coverfoto_chocolatier.webp,https://raw.githubusercontent.com/Catventurous/28lots-produktbilder/main/media/webp/Brand_und_Manufaktur/BR-001_coverfoto_chocolatier.webp,BR-001_coverfoto_chocolatier.webp,WEBP,212,300,JPG,2400,3390,Hochformatiges Markenfoto: Chocolatier mit Schokoladentafel und Kakaobohnen.,0aa33a83308efe90d1a99678e2b8c5442adcb0abd3028bb986073e99293801a8,GitHub web preview 300px
BR-002,Wiener Riesenrad,Brand & Manufaktur,Wien / Herkunft,,Produktkatalog Juli 2026,2,media/webp/Brand_und_Manufaktur/BR-002_wien_riesenrad.webp,https://raw.githubusercontent.com/Catventurous/28lots-produktbilder/main/media/webp/Brand_und_Manufaktur/BR-002_wien_riesenrad.webp,BR-002_wien_riesenrad.webp,WEBP,212,300,JPG,2624,3706,Wien-Keyvisual mit Wiener Riesenrad.,548c44a2cc296d1a74f46c79058cfb4f933af6fbce2eacd3a49c8810b9232ae6,GitHub web preview 300px
BR-003,Schokoladen-Sommelier Portrait,Brand & Manufaktur,People,,Produktkatalog Juli 2026,2,media/webp/Brand_und_Manufaktur/BR-003_schokoladen_sommelier_portrait.webp,https://raw.githubusercontent.com/Catventurous/28lots-produktbilder/main/media/webp/Brand_und_Manufaktur/BR-003_schokoladen_sommelier_portrait.webp,BR-003_schokoladen_sommelier_portrait.webp,WEBP,274,300,JPG,2091,2287,Portrait des Schokoladen-Sommeliers in der Manufaktur.,5ae5b6860c2c1ef0c4b2103afcda8047839e1ac067fa98d34782e3bd6579025a,GitHub web preview 300px
BR-004,Manufaktur Produktion,Brand & Manufaktur,Manufaktur,,Produktkatalog Juli 2026,3,media/webp/Brand_und_Manufaktur/BR-004_manufaktur_produktion.webp,https://raw.githubusercontent.com/Catventurous/28lots-produktbilder/main/media/webp/Brand_und_Manufaktur/BR-004_manufaktur_produktion.webp,BR-004_manufaktur_produktion.webp,WEBP,300,212,JPG,4970,3517,Breites Produktionsfoto aus der Wiener Manufaktur.,8c68245675660e682610bbac9f3f536a7fdb6811fd36c2aa2c38b1f9119cec4c,GitHub web preview 300px
BR-005,Max Lorenz Portrait,Brand & Manufaktur,People,,Produktkatalog Juli 2026,4,media/webp/Brand_und_Manufaktur/BR-005_max_lorenz_portrait.webp,https://raw.githubusercontent.com/Catventurous/28lots-produktbilder/main/media/webp/Brand_und_Manufaktur/BR-005_max_lorenz_portrait.webp,BR-005_max_lorenz_portrait.webp,WEBP,215,300,JPG,966,1345,Portraitfoto Max Lorenz.,071b6900d8851c7a3c1340583581c552a47cde43dbd1d16a0df7294bd53d471b,GitHub web preview 300px
BR-006,Kurt Spet Portrait,Brand & Manufaktur,People,,Produktkatalog Juli 2026,4,media/webp/Brand_und_Manufaktur/BR-006_kurt_spet_portrait.webp,https://raw.githubusercontent.com/Catventurous/28lots-produktbilder/main/media/webp/Brand_und_Manufaktur/BR-006_kurt_spet_portrait.webp,BR-006_kurt_spet_portrait.webp,WEBP,215,300,JPG,964,1347,Portraitfoto Kurt Spet.,6e9fb6d67c21413faf9b99fe328b8ffa9241c493940c46243cf1798c845ce463,GitHub web preview 300px
BR-007,Handarbeit in der Manufaktur,Brand & Manufaktur,Manufaktur,,Produktkatalog Juli 2026,5,media/webp/Brand_und_Manufaktur/BR-007_handarbeit_manufaktur.webp,https://raw.githubusercontent.com/Catventurous/28lots-produktbilder/main/media/webp/Brand_und_Manufaktur/BR-007_handarbeit_manufaktur.webp,BR-007_handarbeit_manufaktur.webp,WEBP,300,212,JPG,5918,4189,Chocolatier bei der Handarbeit / Dekoration von Schokolade.,077983dba522ab2a7b7dd0e556b9027d41123f133292bcb1a91ffa6638017592,GitHub web preview 300px
CI-001,Schokoladendschungel Wallpaper,Wallpaper & CI,Wallpaper,,Produktkatalog Juli 2026,10,media/webp/Wallpaper_und_CI/CI-001_wallpaper_schokoladendschungel.webp,https://raw.githubusercontent.com/Catventurous/28lots-produktbilder/main/media/webp/Wallpaper_und_CI/CI-001_wallpaper_schokoladendschungel.webp,CI-001_wallpaper_schokoladendschungel.webp,WEBP,212,300,JPG,1490,2105,Vollflächiges 28LOTS Schokoladendschungel-Muster ohne Produkt-Packshots.,9a80dccb5c4fcc70a838cb75d71759fc17a2d0c430b76515e629863c41a40c58,GitHub web preview 300px
ILL-001,Kakaozweig Illustration,Saison & Illustrationen,Kakao / Nachhaltigkeit,,Produktkatalog Juli 2026,22,media/webp/Saison_und_Illustrationen/ILL-001_illustration_kakaozweig.webp,https://raw.githubusercontent.com/Catventurous/28lots-produktbilder/main/media/webp/Saison_und_Illustrationen/ILL-001_illustration_kakaozweig.webp,ILL-001_illustration_kakaozweig.webp,WEBP,194,300,PNG,1085,1681,Illustration eines Kakaozweigs mit farbigen Kakaofrüchten.,f20280cd8792965b874ac6d024e763d26e670f23117216a4077e7b9bd997474f,GitHub web preview 300px
ILL-002,Pattern-Motivbogen,Saison & Illustrationen,CI-Motive,,Produktkatalog Juli 2026,28,media/webp/Saison_und_Illustrationen/ILL-002_illustration_pattern_motivbogen.webp,https://raw.githubusercontent.com/Catventurous/28lots-produktbilder/main/media/webp/Saison_und_Illustrationen/ILL-002_illustration_pattern_motivbogen.webp,ILL-002_illustration_pattern_motivbogen.webp,WEBP,259,300,PNG,620,719,Sammlung gezeichneter 28LOTS CI-Motive.,8ee4a7dea21013fa62facf515dffa01e867a9c87b699501d5243bc74771b19e0,GitHub web preview 300px
ILL-003,Kakaofrucht Illustration Gelb,Saison & Illustrationen,CI-Motive,,Produktkatalog Juli 2026,28,media/webp/Saison_und_Illustrationen/ILL-003_illustration_kakaofrucht_gelb.webp,https://raw.githubusercontent.com/Catventurous/28lots-produktbilder/main/media/webp/Saison_und_Illustrationen/ILL-003_illustration_kakaofrucht_gelb.webp,ILL-003_illustration_kakaofrucht_gelb.webp,WEBP,290,300,PNG,881,912,Gezeichnete aufgeschnittene Kakaofrucht.,1f545eebb5fa0e253e73f3645afa287c9b4ef4eb68b88640fb8a66ec55a1d433,GitHub web preview 300px
ILL-004,Kakaofrucht Illustration Pink,Saison & Illustrationen,CI-Motive,,Produktkatalog Juli 2026,28,media/webp/Saison_und_Illustrationen/ILL-004_illustration_kakaofrucht_pink.webp,https://raw.githubusercontent.com/Catventurous/28lots-produktbilder/main/media/webp/Saison_und_Illustrationen/ILL-004_illustration_kakaofrucht_pink.webp,ILL-004_illustration_kakaofrucht_pink.webp,WEBP,300,291,PNG,727,705,Gezeichnete pinke Kakaofrucht.,51b3891a48c169a0df8bda853eaf9566baa56abdd265b1b2b853b59b6e718fd1,GitHub web preview 300px
ILL-005,CI Motivgruppe Kakao,Saison & Illustrationen,CI-Motive,,Produktkatalog Juli 2026,28,media/webp/Saison_und_Illustrationen/ILL-005_illustration_ci_motivgruppe_kakao.webp,https://raw.githubusercontent.com/Catventurous/28lots-produktbilder/main/media/webp/Saison_und_Illustrationen/ILL-005_illustration_ci_motivgruppe_kakao.webp,ILL-005_illustration_ci_motivgruppe_kakao.webp,WEBP,300,278,PNG,454,420,Weitere gezeichnete CI-Motive aus Kakao-/Pralinenwelt.,2b3581f47a6680fe4e2553e01f45cf9c43fcea274cafae41ec5bb4a38badcc2c,GitHub web preview 300px
ILL-006,Lavendel-Praline Illustration,Saison & Illustrationen,CI-Motive,,Produktkatalog Juli 2026,28,media/webp/Saison_und_Illustrationen/ILL-006_illustration_lavendel_praline.webp,https://raw.githubusercontent.com/Catventurous/28lots-produktbilder/main/media/webp/Saison_und_Illustrationen/ILL-006_illustration_lavendel_praline.webp,ILL-006_illustration_lavendel_praline.webp,WEBP,300,267,PNG,301,268,Gezeichnete Praline mit Lavendel.,6244fd3532e941904971a0f3897f513eac523fe43c3d3615921f5b79c6899172,GitHub web preview 300px
KV-001,Schokoladetafeln Keyvisual,Keyvisuals,Tafelschokolade,,Produktkatalog Juli 2026,6,media/webp/Keyvisuals/KV-001_keyvisual_schokoladetafeln.webp,https://raw.githubusercontent.com/Catventurous/28lots-produktbilder/main/media/webp/Keyvisuals/KV-001_keyvisual_schokoladetafeln.webp,KV-001_keyvisual_schokoladetafeln.webp,WEBP,300,217,JPG,2100,1519,Lifestyle-/Sortimentsfoto mehrerer 28LOTS Tafeln.,2bc5871807f681579369e2f24d56f22c6a6e01eaaf63c63fd33623cf0dcc6e73,GitHub web preview 300px
KV-002,Schokoladenriegel Keyvisual,Keyvisuals,Riegel,,Produktkatalog Juli 2026,12,media/webp/Keyvisuals/KV-002_keyvisual_schokoladenriegel.webp,https://raw.githubusercontent.com/Catventurous/28lots-produktbilder/main/media/webp/Keyvisuals/KV-002_keyvisual_schokoladenriegel.webp,KV-002_keyvisual_schokoladenriegel.webp,WEBP,218,300,JPG,801,1103,Makroaufnahme eines Schokoladenriegels mit Pistazie.,21728585b5c36363df8ae3f0fceb2edd476c40b5dbcc0e49bd393f947c43a73e,GitHub web preview 300px
KV-003,Premium Cremen Keyvisual,Keyvisuals,Premium Cremen,,Produktkatalog Juli 2026,13,media/webp/Keyvisuals/KV-003_keyvisual_premium_cremen.webp,https://raw.githubusercontent.com/Catventurous/28lots-produktbilder/main/media/webp/Keyvisuals/KV-003_keyvisual_premium_cremen.webp,KV-003_keyvisual_premium_cremen.webp,WEBP,300,237,JPG,2513,1981,Schokoladencreme beim Eingießen/Füllen.,592938fd72ac9e17fd8df0ab8158f5a004853441265564dc758073a2bdc7e8e1,GitHub web preview 300px
KV-004,Besondere Anlässe Keyvisual,Keyvisuals,Geschenk / Anlass,,Produktkatalog Juli 2026,14,media/webp/Keyvisuals/KV-004_keyvisual_besondere_anlaesse.webp,https://raw.githubusercontent.com/Catventurous/28lots-produktbilder/main/media/webp/Keyvisuals/KV-004_keyvisual_besondere_anlaesse.webp,KV-004_keyvisual_besondere_anlaesse.webp,WEBP,275,300,JPG,1869,2039,Geschenk-/Anlass-Keyvisual mit mehreren Tafeln.,411ab6ef465ced2cb2fecedc0007e5a424d5adfd6c7585c975bdd6332fac9b2d,GitHub web preview 300px
KV-005,Ostereier Keyvisual,Keyvisuals,Ostern,,Produktkatalog Juli 2026,22,media/webp/Keyvisuals/KV-005_keyvisual_ostereier.webp,https://raw.githubusercontent.com/Catventurous/28lots-produktbilder/main/media/webp/Keyvisuals/KV-005_keyvisual_ostereier.webp,KV-005_keyvisual_ostereier.webp,WEBP,300,215,JPG,2135,1532,Oster-/Nougateier-Keyvisual mit farbig verpackten Eiern.,591fe7085e8cc7e139a17256bdb30d43b03abf55151162b59e065d276f5ff283,GitHub web preview 300px
KV-006,Trinkschokolade Keyvisual,Keyvisuals,Trinkschokolade,,Produktkatalog Juli 2026,23,media/webp/Keyvisuals/KV-006_keyvisual_trinkschokolade.webp,https://raw.githubusercontent.com/Catventurous/28lots-produktbilder/main/media/webp/Keyvisuals/KV-006_keyvisual_trinkschokolade.webp,KV-006_keyvisual_trinkschokolade.webp,WEBP,293,300,JPG,1541,1577,Trinkschokoladen-Keyvisual auf dunklem Hintergrund.,4f3585735b842be0641801fa2abe59448f3eee766c4fba180dcba724cc16febb,GitHub web preview 300px
KV-007,Katzenzungen Keyvisual,Keyvisuals,Katzenzungen,,Produktkatalog Juli 2026,24,media/webp/Keyvisuals/KV-007_keyvisual_katzenzungen.webp,https://raw.githubusercontent.com/Catventurous/28lots-produktbilder/main/media/webp/Keyvisuals/KV-007_keyvisual_katzenzungen.webp,KV-007_keyvisual_katzenzungen.webp,WEBP,300,247,JPG,1817,1498,Makro-/Sortimentsfoto Katzenzungen.,7318ef272301f689058c9be6952d2bcfe6cc03881c14c343bb3d90099b1b7669,GitHub web preview 300px
KV-008,Schokoladetaler Keyvisual,Keyvisuals,Schokoladetaler,,Produktkatalog Juli 2026,26,media/webp/Keyvisuals/KV-008_keyvisual_schokoladetaler.webp,https://raw.githubusercontent.com/Catventurous/28lots-produktbilder/main/media/webp/Keyvisuals/KV-008_keyvisual_schokoladetaler.webp,KV-008_keyvisual_schokoladetaler.webp,WEBP,300,263,JPG,2100,1841,Makroaufnahme handgemachter Schokoladetaler.,caf37ac703a13675374ed9c6d8a20a150eaac62960236bf354a7141e7890237f,GitHub web preview 300px
MER-001,Papiertragetasche Schokoladendschungel,Merch,Papiertragetasche,28150,Produktkatalog Juli 2026,28,media/webp/Merch/MER-001_merch_papiertragetasche_schokoladendschungel.webp,https://raw.githubusercontent.com/Catventurous/28lots-produktbilder/main/media/webp/Merch/MER-001_merch_papiertragetasche_schokoladendschungel.webp,MER-001_merch_papiertragetasche_schokoladendschungel.webp,WEBP,300,214,JPG,1247,888,Grüne Papiertragetasche „Schokoladendschungel“ mit goldenem Stoffband.,1488c68c4aa4805e252042658651e0a4e1c569e8deca6bcf7511db38d604a4d5,GitHub web preview 300px
POS-001,Tafelaufsteller für 10 Sorten,POS & Displays,Tafelaufsteller,TA-2810,Produktkatalog Juli 2026,15,media/webp/POS_und_Displays/POS-001_tafelaufsteller_10_sorten.webp,https://raw.githubusercontent.com/Catventurous/28lots-produktbilder/main/media/webp/POS_und_Displays/POS-001_tafelaufsteller_10_sorten.webp,POS-001_tafelaufsteller_10_sorten.webp,WEBP,300,280,JPG,1099,1024,Freistehender POS-Tafelaufsteller für 10 verschiedene Sorten.,0ed93a040fed7860d03543acf0d930a0ce437be826205baa79d88831a9a1d5fe,GitHub web preview 300px
POS-002,Glücksschweinchen Display,POS & Displays,Display,,Produktkatalog Juli 2026,19,media/webp/POS_und_Displays/POS-002_display_gluecksschweinchen.webp,https://raw.githubusercontent.com/Catventurous/28lots-produktbilder/main/media/webp/POS_und_Displays/POS-002_display_gluecksschweinchen.webp,POS-002_display_gluecksschweinchen.webp,WEBP,207,300,JPG,937,1360,Bestücktes Display für Glücksschweinchen / Saisonartikel.,69acffee7862f599191b60c476aeebb63182204cb7fc1be6bee7145b6251e1e7,GitHub web preview 300px
SEA-001,Weihnachtsbaum Illustration,Saison & Illustrationen,Weihnachten,,Produktkatalog Juli 2026,16,media/webp/Saison_und_Illustrationen/SEA-001_illustration_weihnachtsbaum.webp,https://raw.githubusercontent.com/Catventurous/28lots-produktbilder/main/media/webp/Saison_und_Illustrationen/SEA-001_illustration_weihnachtsbaum.webp,SEA-001_illustration_weihnachtsbaum.webp,WEBP,173,300,PNG,1607,2784,Illustrierter Weihnachtsbaum als Saison-Keyvisual.,ad348c16c7ce98ddb004868f358846f373d2018fa2c9a6d4efd06d1c91fe5f81,GitHub web preview 300px
SEA-002,Osterhase Illustration,Saison & Illustrationen,Ostern,,Produktkatalog Juli 2026,20,media/webp/Saison_und_Illustrationen/SEA-002_illustration_osterhase.webp,https://raw.githubusercontent.com/Catventurous/28lots-produktbilder/main/media/webp/Saison_und_Illustrationen/SEA-002_illustration_osterhase.webp,SEA-002_illustration_osterhase.webp,WEBP,156,300,PNG,938,1804,Illustrierter Osterhase als Saison-Keyvisual.,e9dac55bba5ba11ce2de9a95fd631cf496395ac67e7fb5d044d5bc85d3826464,GitHub web preview 300px
SEA-003,Osterei Illustration Pastell,Saison & Illustrationen,Ostern,,Produktkatalog Juli 2026,20,media/webp/Saison_und_Illustrationen/SEA-003_illustration_osterei_pastell.webp,https://raw.githubusercontent.com/Catventurous/28lots-produktbilder/main/media/webp/Saison_und_Illustrationen/SEA-003_illustration_osterei_pastell.webp,SEA-003_illustration_osterei_pastell.webp,WEBP,240,300,PNG,709,886,"Dekoratives Osterei, pastell/türkis.",f56b00a4cc836f139a83e71533c16c970f5d03360c2f92a1d4ab2f08f81f9399,GitHub web preview 300px
SEA-004,Osterei Illustration Rosa,Saison & Illustrationen,Ostern,,Produktkatalog Juli 2026,20,media/webp/Saison_und_Illustrationen/SEA-004_illustration_osterei_rosa.webp,https://raw.githubusercontent.com/Catventurous/28lots-produktbilder/main/media/webp/Saison_und_Illustrationen/SEA-004_illustration_osterei_rosa.webp,SEA-004_illustration_osterei_rosa.webp,WEBP,240,300,PNG,709,886,"Dekoratives Osterei, rosa.",e6f0100c57472e60859806f5512dc97e4d73b5e9940a9703274c0b6de20178b0,GitHub web preview 300px
SEA-005,Osterei Illustration Rot,Saison & Illustrationen,Ostern,,Produktkatalog Juli 2026,20,media/webp/Saison_und_Illustrationen/SEA-005_illustration_osterei_rot.webp,https://raw.githubusercontent.com/Catventurous/28lots-produktbilder/main/media/webp/Saison_und_Illustrationen/SEA-005_illustration_osterei_rot.webp,SEA-005_illustration_osterei_rot.webp,WEBP,240,300,PNG,709,886,"Dekoratives Osterei, rot/orange.",239aa0cc148a77a810e6808da550d819656735d94ea0aefecae2bde874c8b3bb,GitHub web preview 300px
SEA-006,Kids Löwe Illustration,Saison & Illustrationen,Kids,,Produktkatalog Juli 2026,25,media/webp/Saison_und_Illustrationen/SEA-006_illustration_kids_loewe.webp,https://raw.githubusercontent.com/Catventurous/28lots-produktbilder/main/media/webp/Saison_und_Illustrationen/SEA-006_illustration_kids_loewe.webp,SEA-006_illustration_kids_loewe.webp,WEBP,300,281,PNG,1890,1772,Illustration eines Löwen für die Kids-Linie.,52b972a6da6d3b18539083ec628f79552560b3a467fa2201fad43f005d211fb2,GitHub web preview 300px
WM-001,Leporello Gesamtansicht,Werbemittel,Leporello,LE-2810,Produktkatalog Juli 2026,27,media/webp/Werbemittel/WM-001_leporello_gesamtansicht.webp,https://raw.githubusercontent.com/Catventurous/28lots-produktbilder/main/media/webp/Werbemittel/WM-001_leporello_gesamtansicht.webp,WM-001_leporello_gesamtansicht.webp,WEBP,300,108,JPG,1180,425,Gesamtansicht des 28LOTS Leporellos.,ce61ad2bdb0dc88c067331a5c8b40116673b7c7f6898284c8676c1f2b2a925fe,GitHub web preview 300px
WM-002,Plakat A3 Gesamtansicht,Werbemittel,Plakat,PT-2810,Produktkatalog Juli 2026,27,media/webp/Werbemittel/WM-002_plakat_a3_gesamtansicht.webp,https://raw.githubusercontent.com/Catventurous/28lots-produktbilder/main/media/webp/Werbemittel/WM-002_plakat_a3_gesamtansicht.webp,WM-002_plakat_a3_gesamtansicht.webp,WEBP,216,300,JPG,513,713,A3-Plakat als fertige Gesamtansicht.,e0fb45459f8082079a40834bbbc253ab1979f3a52acb2045d08c349265d64795,GitHub web preview 300px
WM-003,Ersatzbanderolen Vergleich,Werbemittel,Banderolen / Service,E-28XXX,Produktkatalog Juli 2026,27,media/webp/Werbemittel/WM-003_ersatzbanderolen_vergleich.webp,https://raw.githubusercontent.com/Catventurous/28lots-produktbilder/main/media/webp/Werbemittel/WM-003_ersatzbanderolen_vergleich.webp,WM-003_ersatzbanderolen_vergleich.webp,WEBP,300,267,JPG,630,560,Visualisierung Oster-/Saisonbanderole zu Standardbanderole.,c80c8b43f8cec40201916270feab78f3a5164355ef0b927d2ab517a386873e88,GitHub web preview 300px
